{"cameraMode":{"drawMode":0,"name":"Shaded","section":"Shading Mode"},"sceneLighting":true,"audioPlay":false,"sceneViewState":{"m_AlwaysRefresh":false,"showFog":true,"showSkybox":true,"showFlares":true,"showImageEffects":true,"showParticleSystems":true,"showVisualEffectGraphs":true,"m_FxEnabled":true},"in2DMode":false,"pivot":{"x":-0.38020801544189455,"y":4.7701826095581059,"z":22.991058349609376},"rotation":{"x":-0.04046501964330673,"y":-0.034465741366147998,"z":-0.0014032248873263598,"w":0.9985958337783814},"size":55.32603454589844,"orthographic":true}